;time;# nodes;# edges;# connected components;avg. edge capacity;assortativity;avg. path length;CV path length;algebraic connectivity;CV edge angles;crossing number
0;0.0;302.0;367.0;134.0;0.0027247956403269754;0.36650006060203777;0.03806501890891073;0.7030417853312058;5.365618867504348e-07;0.5819248769799636;0.0
1;1.0;283.0;345.0;128.0;0.002898550724637681;0.4432461038809108;0.06224989088942233;0.9286749470542455;3.338319377385033e-07;0.5426656885201347;0.0
2;2.0;298.0;375.0;126.0;0.0026666666666666666;0.3633229473989801;0.07696838042961328;0.8172182351156039;2.208757367888051e-07;0.580141979836059;0.0
